config,s_len,t_len,alphabet_size,sliding_mean,sliding_stddev,indexed_mean,indexed_stddev,dispatcher_mean,dispatcher_stddev,result_length
small_s_tiny_t,1000,5,10,0.0005291402000239031,3.061833425854721e-05,0.0005250138000064908,3.34985925028739e-05,0.0005155766000029871,1.2645903817214276e-05,5
small_s_small_t,1000,50,10,0.0005166167999959726,3.3866930744460654e-05,0.0005143584000165902,1.1621209498930413e-05,0.0005027543999972295,9.902583820362347e-06,70
medium_s_tiny_t,10000,10,26,0.004818899000008514,7.601290402506966e-05,0.004617695000001731,0.00015452099433479967,0.004539603399996395,0.00016571308607708757,20
medium_s_medium_t,10000,100,26,0.0053395448000173925,0.00012913562472331732,0.00524063999999953,0.00013422477517369106,0.005244637400005558,8.654521783325425e-05,139
large_s_tiny_t,100000,10,26,0.04639883800000462,0.0011869946863948848,0.04679076579998309,0.0011188156701881769,0.0458843571999978,0.0011040899996255199,15
large_s_medium_t,100000,100,26,0.056149105400004375,0.002212812544094546,0.05921241459999464,0.002396973113251239,0.05769480759998942,0.0012884396297610811,150
large_s_large_t,100000,1000,26,0.0569610895999972,0.001538535984277464,0.05488188180001998,0.0020807764071453625,0.053933996000000664,0.001547525161927454,1240
medium_s_tiny_t_large_alphabet,10000,5,1000,0.004286745199999586,0.00012180035771132571,0.0041814604000137475,6.550484436152999e-06,0.0042986276000192445,0.00012940823141959368,8
